Designator,Mid X,Mid Y,Layer,Rotation
C1,130,-129.769999,top,-90
C2,131.5,-112.25,top,-90
C3,132.48,-126.999999,top,0
C4,132.48,-128.499999,top,0
C5,126.48,-106.75,top,180
J1,116.97,-120.25,top,90
R1,118.5,-116.75,top,0
R2,122.575,-116.75,top,180
U2,128.5,-127.25,top,90
U3,128.750001,-110.9603,top,90